intake_id,promoted_at,domain,domain_property_id,extraction_address,extraction_city,extraction_state,extraction_tenant,property_address,property_city,property_state,property_tenant,address_similarity,mismatch_kind,repeat_count,subject_or_source
5e501952-c5b6-4db4-a6e8-cc2e94018f7b,2026-04-27T18:53:35.689+00:00,dialysis,37494,509 N Houston Road,Warner Robins,GA,DaVita,509 N Houston Road,Warner Robins,GA,DaVita,1.00,OK_EXACT,2,
f7eb573f-b920-4a89-8cf4-cdbc02f11efc,2026-04-27T18:53:31.009+00:00,dialysis,21912,,Rockford,IL,DaVita,755 norland ave,Rockford,IL,DaVita,0.00,OK_NO_EXTRACTION,1,
472e315d-a26c-47d7-b6e9-c66766963d94,2026-04-27T18:53:27.024+00:00,dialysis,27730,1704 Wayne Memorial Dr,Goldsboro,NC,DaVita,1704 Wayne Memorial Dr,Goldsboro,NC,DaVita,1.00,OK_EXACT,2,
bc41ccfe-abaa-46b4-95a7-4c9667961400,2026-04-27T18:53:22.785+00:00,dialysis,37619,,Washington,DC,Fresenius,6411 Chillum Place NW,Washington,DC,Fresenius,0.00,OK_NO_EXTRACTION,1,
c0605bcf-256b-409e-bcfa-54f782db572d,2026-04-27T18:53:19.058+00:00,dialysis,24879,,The Villages,,Davita,1950 laurel manor dr #190,The Villages,FL,Davita,0.00,OK_NO_EXTRACTION,1,
3d2a8f90-6fe8-4f1f-99af-5c09010e12f9,2026-04-27T18:53:16.315+00:00,dialysis,32077,,,WI,DaVita,151 west st. joseph st,Allouez,WI,DaVita,0.00,OK_NO_EXTRACTION,1,
941e60d1-3885-459b-9074-42581c558d0e,2026-04-27T18:53:12.49+00:00,dialysis,22725,8319 Alondra Blvd,Paramount,CA,Fresenius Kidney Care,8319 Alondra Blvd,Paramount,CA,Fresenius Kidney Care,1.00,OK_EXACT,1,
19ba1422-1b21-49f8-812b-6d976f968940,2026-04-27T18:53:08.368+00:00,dialysis,37604,16177 W 127th St,Lemont,Illinois,Fresenius Medical Care,16177 W 127th St,Lemont,Illinois,Fresenius Medical Care,1.00,OK_EXACT,1,
1a7be15b-073c-48af-b939-676fc88a4195,2026-04-27T18:53:03.923+00:00,dialysis,,599 Court Street,West Branch,MI,DaVita,,,,,,NO_PROPERTY,,
8a867ff7-92fc-4eb8-918d-b9551aa6ab1f,2026-04-27T18:53:00.073+00:00,dialysis,25603,16177 W 127th St,Lemont,IL,Fresenius Medical Care,16177 W 127th St,Lemont,IL,Fresenius Medical Care,1.00,OK_EXACT,1,
2efebaac-b650-4887-a333-6b2c32625b76,2026-04-27T18:52:55.695+00:00,dialysis,21924,2015 UNIVERSITY BLVD.,ANDERSON,IN,Fresenius,2015 UNIVERSITY BLVD.,ANDERSON,IN,Fresenius,1.00,OK_EXACT,REPEAT_3,
1d89d06b-f2b5-40c3-b4f9-e76270bdf59e,2026-04-27T18:52:51.288+00:00,dialysis,35744,4298 PALM AVE,HIALEAH,FL,Kidney SPA,4298 PALM AVE,HIALEAH,FL,Kidney SPA,1.00,OK_EXACT,2,
5bf7bc35-2aad-4a1b-84ba-1337bdc1eb24,2026-04-27T18:52:46.953+00:00,government,16458,"6120 S. Yale Ave., Ste. 300",Tulsa,OK,,"6120 S. Yale Ave., Ste. 300",Tulsa,OK,,1.00,OK_EXACT,REPEAT_7,
fb3966c0-8b43-4c0e-8a4b-071f08cd56ae,2026-04-27T18:52:43.201+00:00,dialysis,37617,"Los Angeles, CA",Los Angeles,CA,Fresenius Kidney Care,"Los Angeles, CA",Los Angeles,CA,Fresenius Kidney Care,1.00,OK_EXACT,1,
867f2cad-b949-458c-bf1c-03b9363ebad7,2026-04-27T18:52:39.45+00:00,dialysis,27730,1704 Wayne Memorial Dr,Goldsboro,NC,DaVita Dialysis,1704 Wayne Memorial Dr,Goldsboro,NC,DaVita,1.00,OK_EXACT,2,
1712267d-0c8c-4356-bc7b-93699c00de1f,2026-04-27T18:52:35.455+00:00,dialysis,37585,"6120 South Yale Ave, Suite 300",Tulsa,OK,DaVita,"6120 South Yale Ave, Suite 300",Tulsa,OK,DaVita,1.00,OK_EXACT,REPEAT_4,
00b53ff9-c635-43c7-9204-779566fe9ede,2026-04-27T18:52:31.295+00:00,dialysis,37575,"6120 S. Yale Ave., Ste. 300",Tulsa,OK,U.S. Renal Care,"6120 S. Yale Ave., Ste. 300",Tulsa,OK,U.S. Renal Care,1.00,OK_EXACT,REPEAT_4,
abc24e37-d77c-4a36-833d-c396783ea466,2026-04-27T18:52:27.845+00:00,dialysis,30404,137 Palo Alto Road,San Antonio,TX,"U.S. Renal Care, Inc.",137 Palo Alto Road,San Antonio,TX,"U.S. Renal Care, Inc.",1.00,OK_EXACT,REPEAT_3,
73db9d05-9a43-4048-8f34-5e3e4342f999,2026-04-27T18:52:24.275+00:00,dialysis,37601,"3001 Healthcare Way, Building #200",Modesto,California,"DaVita, Inc.","3001 Healthcare Way, Building #200",Modesto,California,"DaVita, Inc.",1.00,OK_EXACT,1,
b0426fff-9c63-473f-9894-bf87dded427f,2026-04-27T18:52:20.203+00:00,dialysis,35636,109 HARRISON AVE & 1601 SPRING ST,JEFFERSONVILLE,IN,DaVita Dialysis,109 HARRISON AVE & 1601 SPRING ST,JEFFERSONVILLE,IN,DaVita Dialysis,1.00,OK_EXACT,1,
6b2a19ed-b27e-49d6-bcec-3983ad3a7bdd,2026-04-27T18:52:16.258+00:00,dialysis,35656,315 W 10th St,Rome,GA,Fresenius Kidney Care Rome,315 W 10th St,Rome,GA,Fresenius Kidney Care Rome,1.00,OK_EXACT,1,
4f198497-8b2c-48f7-bf6e-15a3bd73218d,2026-04-27T18:52:12.442+00:00,dialysis,25767,4350 South Ironwood Dr,South Bend,IN,"Davita Healthcare Partners, Inc.",4350 South Ironwood Dr,South Bend,IN,"Davita Healthcare Partners, Inc.",1.00,OK_EXACT,2,
2d37e7f1-ab13-4cca-958e-16c9aeba39ae,2026-04-27T18:52:07.993+00:00,dialysis,37494,509 N Houston Rd,Warner Robins,GA,DaVita Dialysis Center of Middle Georgia-Warner Robins,509 N Houston Road,Warner Robins,GA,DaVita,1.00,OK_EXACT,2,
153bfc9e-b24c-4868-94ea-c9410fd4cf4b,2026-04-27T18:52:03.287+00:00,dialysis,37585,"6120 South Yale Ave, Suite 300",Tulsa,OK,DaVita,"6120 South Yale Ave, Suite 300",Tulsa,OK,DaVita,1.00,OK_EXACT,REPEAT_4,
222e287f-2af7-46ce-963a-643f9e872f1b,2026-04-27T18:51:58.892+00:00,dialysis,24442,1750 Pierce Street,Lakewood,CO,DaVita,1750 Pierce Street,Lakewood,CO,DaVita,1.00,OK_EXACT,1,
b41d6b14-8237-4b8a-b2ee-f056123f26eb,2026-04-27T18:51:54.948+00:00,dialysis,27363,4024 N Prince St,Clovis,NM,,4024 N Prince St,Clovis,NM,322550-Us Renal Care Clovis Dialysis,1.00,OK_EXACT,1,
fd34152f-53e1-4bf6-a6e7-01d23a94e338,2026-04-27T18:51:52.791+00:00,dialysis,35631,633 & 635 Stone Avenue,Paris,TX,Fresenius Medical Care,633 & 635 Stone Avenue,Paris,TX,Fresenius Medical Care,1.00,OK_EXACT,1,
d8714bd7-6967-4ad8-acb3-c6a2403d0c97,2026-04-27T18:51:48.711+00:00,dialysis,22897,10505 Jones Road,Houston,TX,Fresenius Kidney Care,10505 Jones Road,Houston,TX,Fresenius Kidney Care,1.00,OK_EXACT,1,
d2e74284-a542-41ce-96ec-fa2ea0cc89f6,2026-04-27T18:51:44.372+00:00,dialysis,37575,"6120 S. Yale Ave., Ste. 300",Tulsa,OK,U.S. Renal Care,"6120 S. Yale Ave., Ste. 300",Tulsa,OK,U.S. Renal Care,1.00,OK_EXACT,REPEAT_4,
c04f4e4e-16a8-4060-8bb4-01b37a67759e,2026-04-27T18:51:40.605+00:00,dialysis,27981,100 Pinnacle Dr,Fremont,OH,DaVita Dialysis,100 Pinnacle Dr,Fremont,OH,DaVita Dialysis,1.00,OK_EXACT,1,
088e9f27-944e-409c-b8dd-6da07796801f,2026-04-27T18:51:36.041+00:00,dialysis,35228,16417 Whittier Blvd,Whittier,CA,DaVita,16417 Whittier Blvd,Whittier,CA,DaVita,1.00,OK_EXACT,REPEAT_4,
44bcb55c-c036-431a-97ed-d7a0dd7238c5,2026-04-27T18:51:31.644+00:00,dialysis,26066,1101 Nile Street,Eunice,LA,"Fresenius Medical Care Holdings, Inc.",1101 Nile Street,Eunice,LA,"Fresenius Medical Care Holdings, Inc.",1.00,OK_EXACT,1,
b0298a97-240c-4368-974b-b302685b685e,2026-04-27T18:51:27.573+00:00,dialysis,35566,5715 N VENOY RD,WESTLAND,MI,DaVita Dialysis,5715 N VENOY RD,WESTLAND,MI,DaVita Dialysis,1.00,OK_EXACT,2,
5247165a-c743-4c39-bd93-6ca512fa2a17,2026-04-27T18:51:24.087+00:00,dialysis,,418 Decatur Street SE,Atlanta,GA,DaVita,,,,,,NO_PROPERTY,,
13a23325-8c23-4763-9cc7-aa8d061d4de1,2026-04-27T18:51:19.715+00:00,dialysis,35627,2700 S. Central Expressway,McKinney,TX,Fresenius Kidney Care,2700 S. Central Expressway,McKinney,TX,Fresenius Kidney Care,1.00,OK_EXACT,1,
182a7f7d-b9c4-4c8d-9512-c2aba1f80cea,2026-04-27T18:51:15.539+00:00,dialysis,23646,265 Wilmington West Chester Pike,Chadds Ford,PA,DaVita,265 Wilmington West Chester Pike,Chadds Ford,PA,DaVita,1.00,OK_EXACT,1,
a31f6194-b81e-440c-9bd1-662a24019ce3,2026-04-27T18:51:11.133+00:00,dialysis,37497,4350 S Ironwood Dr.,South Bend,IN,DaVita Kidney Care,4350 S Ironwood Dr.,South Bend,IN,DaVita Kidney Care,1.00,OK_EXACT,1,
50d094b3-7d95-43a8-8bc9-e0b61125c76d,2026-04-27T18:51:06.324+00:00,dialysis,25767,4350 South Ironwood Drive,South Bend,IN,DaVita Kidney Care,4350 South Ironwood Dr,South Bend,IN,"Davita Healthcare Partners, Inc.",1.00,OK_EXACT,2,
ce4eee0b-480e-4ba6-b7e5-0b3d79b237e8,2026-04-27T18:51:02.059+00:00,dialysis,30404,137 Palo Alto Road,San Antonio,TX,"U.S. Renal Care, Inc.",137 Palo Alto Road,San Antonio,TX,"U.S. Renal Care, Inc.",1.00,OK_EXACT,REPEAT_3,
929fbfa0-1415-4ba8-bb90-d565faf0b0d3,2026-04-27T18:50:58.37+00:00,dialysis,28979,1524 Sparta St,McMinnville,TN,U.S. Renal Care,1524 Sparta St,McMinnville,TN,U.S. Renal Care,1.00,OK_EXACT,1,
eea2e944-5393-4956-8588-de29d79232e1,2026-04-27T18:50:54.548+00:00,dialysis,27917,730 Taylor Ave,Columbus,OH,Fresenius Medical Care,730 Taylor Ave,Columbus,OH,Fresenius Medical Care,1.00,OK_EXACT,2,
09dadc6f-d14f-48c2-b4cf-7e0a3d586a27,2026-04-27T18:50:50.247+00:00,dialysis,23635,120 Hospital Dr,Tarboro,NC,Fresenius Medical Care,120 Hospital Dr,Tarboro,NC,Fresenius Medical Care,1.00,OK_EXACT,1,
d8daceb7-758e-455f-b179-df3284ade1b2,2026-04-27T18:50:46.013+00:00,dialysis,33743,717 Stone Ave,Talladega,AL,,717 Stone Ave,Talladega,AL,LANDMARK DIALYSIS,1.00,OK_EXACT,REPEAT_3,
f4b00be4-1e34-40ca-96d8-d80fd883218c,2026-04-27T18:50:42.872+00:00,dialysis,25959,,Jenkins,KY,DaVita,483 gateway industrial park,Jenkins,KY,DaVita,0.00,OK_NO_EXTRACTION,1,
e54b35e5-431a-4b75-9b66-308290ce9d38,2026-04-27T18:50:38.975+00:00,dialysis,27172,363 OLD HOOK ROAD,Westwood,NJ,DaVita,363 OLD HOOK ROAD,Westwood,NJ,DaVita,1.00,OK_EXACT,1,
b9018b18-43c1-48ff-98cc-97b38102a21e,2026-04-27T18:50:35.015+00:00,dialysis,,671 HIOAKS RD,RICHMOND,VA,"DaVita Dialysis,Richmond Nephrology Associates",,,,,,NO_PROPERTY,,
4fdf8e4f-7a2e-4f13-92bb-749300b290ca,2026-04-27T18:50:31.86+00:00,dialysis,,1507 Hillview Drive,Hillsboro,TX,"Bio-Medical Applications of Texas, Inc., d/b/a Fresenius Kidney Care Hillsboro",,,,,,NO_PROPERTY,,
8ce94b48-df11-42eb-8214-92f2ee0b6ce1,2026-04-27T18:50:27.42+00:00,dialysis,37598,115 N. Virgina Street,Hopkinsville,KY,"DaVita, Inc",115 N. Virgina Street,Hopkinsville,KY,"DaVita, Inc",1.00,OK_EXACT,1,
c0b7c786-6d0d-4be2-84a2-f7c782c257c4,2026-04-27T18:50:24.29+00:00,dialysis,,200 Interchange Park Drive,Lenoir City,TN,Fresenius Medical Care,,,,,,NO_PROPERTY,,
adc51ee5-4bdb-42c8-89ed-494ec604f747,2026-04-27T18:50:20.272+00:00,dialysis,28981,367 Interstate Drive,Manchester,TN,US RENAL CARE,367 Interstate Drive,Manchester,TN,US RENAL CARE,1.00,OK_EXACT,1,
fd3ab94c-8f14-4ee0-a90c-5d644a09d473,2026-04-27T18:50:16.347+00:00,dialysis,25216,621 McNeil Circle,Thomson,GA,DaVita Kidney Care,621 McNeil Circle,Thomson,GA,DaVita Kidney Care,1.00,OK_EXACT,1,
34a726cd-75fd-4949-b6ef-69dc708d1936,2026-04-27T18:50:11.944+00:00,dialysis,37596,600 Enterprise Pkwy,Ravenna,Ohio,DaVita,600 Enterprise Pkwy,Ravenna,Ohio,DaVita,1.00,OK_EXACT,1,
bb875c9b-f086-4eae-8815-1c690c1fe2a1,2026-04-27T18:50:01.092+00:00,dialysis,35228,16417 Whittier Blvd,Whittier,CA,DaVita,16417 Whittier Blvd,Whittier,CA,DaVita,1.00,OK_EXACT,REPEAT_4,
237077c7-e19c-4b34-9552-aa0b90cfb90f,2026-04-27T18:49:57.272+00:00,dialysis,29671,311 140th St S,Tacoma,WA,"Total Renal Care, Inc (dba DaVita)",311 140th St S,Tacoma,WA,"Total Renal Care, Inc (dba DaVita)",1.00,OK_EXACT,1,
f302ca92-47b1-486f-bec5-ce0c346ea5f7,2026-04-27T18:49:53.142+00:00,dialysis,28423,1320 Mickley Road,Whitehall,PA,Fresenius,1320 Mickley Road,Whitehall,PA,Fresenius,1.00,OK_EXACT,1,
da55fd0a-c983-4d45-95d5-f2285ee7a973,2026-04-27T18:49:48.938+00:00,dialysis,37595,586 Rice Street,Saint Paul,Minnesota,Fresenius Kidney Care,586 Rice Street,Saint Paul,Minnesota,Fresenius Kidney Care,1.00,OK_EXACT,1,
81779db7-7858-4333-966c-0b60021cb5f6,2026-04-27T18:49:45.139+00:00,dialysis,29237,205 22nd Street,Hondo,TX,U.S. Renal Care Dialysis,205 22nd Street,Hondo,TX,U.S. Renal Care Dialysis,1.00,OK_EXACT,1,
c570f90c-679c-492b-8655-97b2df82484d,2026-04-27T18:49:40.86+00:00,dialysis,37594,9341 East 21 Street,Wichita,KS,Fresenius Medical Care,9341 East 21 Street,Wichita,KS,Fresenius Medical Care,1.00,OK_EXACT,2,
9b0ad9b6-9102-467c-8f7d-7bfcee061ddb,2026-04-27T18:49:36.968+00:00,dialysis,35583,107 Trenton Rd,Browns Mills,NJ,DaVita,107 Trenton Rd,Browns Mills,NJ,DaVita,1.00,OK_EXACT,2,
63bebaa8-9507-4192-98d9-a44354389a8a,2026-04-27T18:49:32.5+00:00,dialysis,34967,76 Old Rock Springs Cemetery Rd.,Pittsboro,NC,Fresenius Kidney Care,76 Old Rock Springs Cemetery Rd.,Pittsboro,NC,Fresenius Kidney Care,1.00,OK_EXACT,1,
339583b8-eed6-4334-816d-bcd5c0e34d84,2026-04-27T18:49:28.608+00:00,dialysis,37594,9341 East 21 Street,Wichita,KS,Fresenius Medical Care,9341 East 21 Street,Wichita,KS,Fresenius Medical Care,1.00,OK_EXACT,2,
f5741af9-aee8-4b80-a21b-1fc94a819ffe,2026-04-27T18:49:24.408+00:00,dialysis,37581,200 E North Avenue,Villa Park,IL,U.S. Renal Care,200 E North Avenue,Villa Park,IL,U.S. Renal Care,1.00,OK_EXACT,1,
6ec776bf-c8a4-44f4-a70a-abdfd74d68ed,2026-04-27T18:49:20.381+00:00,dialysis,35605,784 Howard Avenue,Biloxi,MS,"Fresenius Medical Care, Inc.",784 Howard Avenue,Biloxi,MS,"Fresenius Medical Care, Inc.",1.00,OK_EXACT,1,
ec1e8fe5-ce04-4ba3-94e0-26332ab91095,2026-04-27T18:49:16.151+00:00,dialysis,30404,137 PALO ALTO ROAD,SAN ANTONIO,TX,"U.S. Renal Care, Inc.",137 Palo Alto Road,San Antonio,TX,"U.S. Renal Care, Inc.",1.00,OK_EXACT,REPEAT_3,
c70e6aca-1377-40e6-9fb8-0af12fe1d9f1,2026-04-27T18:49:12.783+00:00,dialysis,37593,2723 West Temple Street,Los Angeles,California,"Total Renal Care, Inc.",2723 West Temple Street,Los Angeles,California,"Total Renal Care, Inc.",1.00,OK_EXACT,1,
cdc3e1d1-f3a3-4aa5-8885-b47f7403d7aa,2026-04-27T18:49:08.72+00:00,dialysis,23283,15002 Amargosa Road,Victorville,CA,DaVita Dialysis,15002 Amargosa Road,Victorville,CA,DaVita Dialysis,1.00,OK_EXACT,1,
bc318e6d-db2a-4519-8e47-65079e1e96c4,2026-04-27T18:49:03.578+00:00,dialysis,24669,802 John Young Parkway,Kissimmee,FL,DaVita Dialysis,802 John Young Parkway,Kissimmee,FL,DaVita Dialysis,1.00,OK_EXACT,1,
6b033c68-154d-4d0d-8969-8f74fecad93d,2026-04-27T18:48:59.871+00:00,dialysis,24545,341 West Street,Southington,CT,Fresenius Dialysis Center,341 West Street,Southington,CT,Fresenius Dialysis Center,1.00,OK_EXACT,1,
8036f9bb-a65c-478e-815c-26f027e093ac,2026-04-27T18:48:56.518+00:00,dialysis,35228,16417 Whittier Blvd,Whittier,CA,"Leapshore Dialysis, LLC.",16417 Whittier Blvd,Whittier,CA,DaVita,1.00,OK_EXACT,REPEAT_4,
40fc806a-e172-45d7-955d-4c2d4f9d601e,2026-04-27T18:48:52.418+00:00,dialysis,,2860 US Highway 83 South,Zapata,Texas,"DaVita, Inc.",,,,,,NO_PROPERTY,,
1f911749-4b9e-4050-b8fd-13761d657b4c,2026-04-27T18:48:48.898+00:00,dialysis,37564,2765 16th Street,San Francisco,California,"TOTAL RENAL CARE, INC.",2765 16th Street,San Francisco,California,"TOTAL RENAL CARE, INC.",1.00,OK_EXACT,2,
0e8f87ce-d559-4298-944f-d9203674b2d1,2026-04-27T18:48:44.97+00:00,dialysis,29312,902 Lincoln Ave,Robstown,TX,Fresenius Dialysis,902 Lincoln Ave,Robstown,TX,Fresenius Dialysis,1.00,OK_EXACT,1,
7383aaf5-a802-4182-b49a-466aa5173c28,2026-04-27T18:48:41.163+00:00,dialysis,35597,4804 Bryant Irvin Ct,Fort Worth,TX,Fresenius Medical Care,4804 Bryant Irvin Ct,Fort Worth,TX,Fresenius Medical Care,1.00,OK_EXACT,1,
244687c3-551a-4aa6-af4e-329fab2760b5,2026-04-27T18:48:37.538+00:00,dialysis,33743,717 Stone Ave,Talladega,AL,,717 Stone Ave,Talladega,AL,LANDMARK DIALYSIS,1.00,OK_EXACT,REPEAT_3,
1aad4904-028a-47ef-a9bb-2ee12bcc2acf,2026-04-27T18:48:34.487+00:00,dialysis,37591,4804 Bryant Irvin Court,Fort Worth,Texas,"Fresenius Medical Care Southwest Fort Worth, LLC",4804 Bryant Irvin Court,Fort Worth,Texas,"Fresenius Medical Care Southwest Fort Worth, LLC",1.00,OK_EXACT,1,
2328ba6b-b3d4-4a64-afe5-ecbf29bc07e7,2026-04-27T18:48:30.788+00:00,dialysis,37563,"716 Denbigh Blvd, Suites D1 & D2",Newport News,Virginia,"Renal Treatment Centers Mid Atlantic, Inc.","716 Denbigh Blvd, Suites D1 & D2",Newport News,Virginia,"Renal Treatment Centers Mid Atlantic, Inc.",1.00,OK_EXACT,2,
5614eb8e-4c57-4ce7-a4c2-e977ef49e05d,2026-04-27T18:48:27.828+00:00,dialysis,37585,"6120 South Yale Ave, Suite 300",Tulsa,OK,Fresenius Kidney Care,"6120 South Yale Ave, Suite 300",Tulsa,OK,DaVita,1.00,OK_EXACT,REPEAT_4,
469cd37b-10f8-45be-8a68-7912ba0ea1d7,2026-04-27T18:48:24.158+00:00,dialysis,37590,Chanute,,KS,Fresenius,Chanute,,KS,Fresenius,1.00,OK_EXACT,1,
c92043f0-d5f1-4e24-9d37-a3e7a18a2f9b,2026-04-27T18:48:20.727+00:00,dialysis,23772,805 Old Mill Street,Tuscaloosa,AL,DaVita Dialysis,805 Old Mill Street,Tuscaloosa,AL,DaVita Dialysis,1.00,OK_EXACT,1,
4e8b1051-b7f8-421b-93bd-c7dfd8840b03,2026-04-27T18:48:16.857+00:00,dialysis,1925072,267 Shrewsbury Street,Worcester,MA,DaVita Incorporated,267 Shrewsbury Street,Worcester,MA,DaVita Incorporated,1.00,OK_EXACT,1,
eedc5293-a97d-450e-80bf-684271fac965,2026-04-27T18:48:12.961+00:00,dialysis,35594,50 S BAUMANN AVE.,EDMOND,OK,DARK DAVITA DIALYSIS,50 S BAUMANN AVE.,EDMOND,OK,DARK DAVITA DIALYSIS,1.00,OK_EXACT,1,
e058a67d-981f-47ea-8f9e-2c2d7678fbd2,2026-04-27T18:48:08.913+00:00,dialysis,22073,,Flushing,NY,US Renal Care,2707 francis lewis blvd,Flushing,NY,US Renal Care,0.00,OK_NO_EXTRACTION,1,
a343b3a7-e6e7-44c5-9f74-dc08ab6681f5,2026-04-27T18:48:05.131+00:00,dialysis,35593,3943 NEW BERN AVENUE,RALEIGH,NC,Fresenius Medical Care,3943 NEW BERN AVENUE,RALEIGH,NC,Fresenius Medical Care,1.00,OK_EXACT,1,
14ad93c9-765f-475f-9781-718e0212b788,2026-04-27T18:48:01.039+00:00,dialysis,,2701-2707 Francis Lewis Boulevard,Flushing,NY,"JJ Washington,US Renal Care",,,,,,NO_PROPERTY,,
10b35b27-1428-499d-800b-82d28f21a4f0,2026-04-27T18:47:58.289+00:00,dialysis,37589,1100 Redwood Dr.,Ashland,Ohio,Fresenius,1100 Redwood Dr.,Ashland,Ohio,Fresenius,1.00,OK_EXACT,1,
7a73ee99-e46f-4465-b86d-5368005385ed,2026-04-27T18:47:54.239+00:00,dialysis,22606,102 Coyote Lane,Robersonville,NC,,102 Coyote Lane,Robersonville,NC,DAVITA DIALYSIS,1.00,OK_EXACT,1,
aecfced2-eb3a-459a-b4f2-646200403f69,2026-04-27T18:47:51.08+00:00,dialysis,37490,38454 5TH ST W,Palmdale,CA,DaVita Inc.,38454 5TH ST W,Palmdale,CA,DaVita Inc.,1.00,OK_EXACT,1,
aa2da33c-e9df-46ba-8a9e-2c62155ae232,2026-04-27T18:47:46.839+00:00,dialysis,33743,717 Stone Ave,Talladega,AL,,717 Stone Ave,Talladega,AL,LANDMARK DIALYSIS,1.00,OK_EXACT,REPEAT_3,
33450ae4-ed23-4576-9dff-719219ec79da,2026-04-27T18:47:43.722+00:00,dialysis,37612,4179 Baker Street,Covington,GA,U.S. Renal Care Dialysis,4179 Baker Street,Covington,GA,U.S. Renal Care Dialysis,1.00,OK_EXACT,1,
bb041bc0-e850-455b-8078-a6323a61e5b2,2026-04-27T18:47:39.735+00:00,dialysis,26655,24931 Kelly Rd,Eastpointe,MI,"Nephrology Center of Eastpointe, LLC dba Dialysis Centers of Michigan",24931 Kelly Rd,Eastpointe,MI,"Nephrology Center of Eastpointe, LLC dba Dialysis Centers of Michigan",1.00,OK_EXACT,1,
26de840f-933c-47f4-a853-0b64e6b142c1,2026-04-27T18:47:35.628+00:00,dialysis,35837,11600 Broadway Street,Pearland,TX,DaVita Dialysis,11600 Broadway Street,Pearland,TX,DaVita Dialysis,1.00,OK_EXACT,1,
f4fb27c7-8b0f-4af4-9c28-dbd2c4ac2000,2026-04-27T18:47:31.376+00:00,dialysis,27923,139 JAVIT COURT,AUSTINTOWN,OH,Fresenius Medical Care,139 JAVIT COURT,AUSTINTOWN,OH,Fresenius Medical Care,1.00,OK_EXACT,1,
2de0e9ee-149c-4bda-b611-254312338a1a,2026-04-27T18:47:27.191+00:00,dialysis,37587,2669 Church St.,East Point,Georgia,"Total Renal Care, Inc.",2669 Church St.,East Point,Georgia,"Total Renal Care, Inc.",1.00,OK_EXACT,1,
4ea575f2-a91c-4d6c-becd-aabc4ee5c973,2026-04-27T18:47:22.996+00:00,dialysis,35228,16417 Whittier Blvd,Whittier,CA,"Leapshore Dialysis, LLC.",16417 Whittier Blvd,Whittier,CA,DaVita,1.00,OK_EXACT,REPEAT_4,
61ac6b7e-e250-4ebe-84cf-4aeac91fb793,2026-04-27T18:47:18.801+00:00,dialysis,,14 County Road P,Wisconsin Dells,WI,DaVita Dialysis,,,,,,NO_PROPERTY,,
99a4ae4f-8d6a-4c3c-bdd5-ebdbbe8f4ae2,2026-04-27T18:47:13.996+00:00,dialysis,35585,600 Enterprise Pkwy,Ravenna,OH,DaVita,600 Enterprise Pkwy,Ravenna,OH,DaVita,1.00,OK_EXACT,1,
9bed6d94-696f-415d-8d16-18e2fe8970c5,2026-04-27T18:47:10.79+00:00,dialysis,25032,539 Fair St,Baxley,GA,DaVita Dialysis,539 Fair St,Baxley,GA,DaVita Dialysis,1.00,OK_EXACT,2,
3c16daa3-49f1-4523-b34b-5bafafcd9f67,2026-04-27T18:47:06.283+00:00,dialysis,35578,1220 3rd street,Whitehall,PA,DaVita Kidney Care,1220 3rd street,Whitehall,PA,DaVita Kidney Care,1.00,OK_EXACT,2,
5f4c3482-f0e1-462c-bed7-92e2075846a9,2026-04-27T18:47:01.827+00:00,dialysis,37566,242 Bullsboro Drive,Newnan,Georgia,DaVita,242 Bullsboro Drive,Newnan,Georgia,DaVita,1.00,OK_EXACT,REPEAT_4,
ccc1e7ff-4d45-458f-b9cc-ff02dcc27e72,2026-04-27T18:46:57.926+00:00,dialysis,26039,609 Rue de Brille,New Iberia,LA,Fresenius Medical Care,609 Rue de Brille,New Iberia,LA,Fresenius Medical Care,1.00,OK_EXACT,1,
f987ec2d-a4b4-4e38-80b1-160078022116,2026-04-27T18:46:53.931+00:00,dialysis,25032,539 FAIR ST,BAXLEY,GA,DaVita Dialysis,539 Fair St,Baxley,GA,DaVita Dialysis,1.00,OK_EXACT,2,
5cd0cd92-88a6-4b45-a03d-12e3dc8bd0ac,2026-04-27T18:46:49.723+00:00,dialysis,37585,"6120 South Yale Ave, Suite 300",Tulsa,OK,DaVita,"6120 South Yale Ave, Suite 300",Tulsa,OK,DaVita,1.00,OK_EXACT,REPEAT_4,
233d53e4-d3e7-435f-ac9c-182d5a53c9f6,2026-04-27T18:46:45.432+00:00,dialysis,35578,,,PA,DaVita Kidney Care,1220 3rd street,Whitehall,PA,DaVita Kidney Care,0.00,OK_NO_EXTRACTION,2,
b3c745f1-2e23-42a5-972b-d378139d2730,2026-04-27T18:46:40.915+00:00,dialysis,37584,3134 W 76TH STREET,CHICAGO,IL,Fresenius,3134 W 76TH STREET,CHICAGO,IL,Fresenius,1.00,OK_EXACT,1,
8a359f0b-ad90-4c4d-9e0c-f92991c06c18,2026-04-27T18:46:37.166+00:00,dialysis,30828,2494 Second Street,Macon,GA,Davita Dialysis,2494 Second Street,Macon,GA,Davita Dialysis,1.00,OK_EXACT,1,
7be6ad7e-c526-4189-a365-6d4681f303a5,2026-04-27T18:46:32.795+00:00,dialysis,37008,7187 BROAD STREET,BROOKSVILLE,FL,,7187 BROAD STREET,BROOKSVILLE,FL,,1.00,OK_EXACT,1,
24c05aac-5438-444e-b7ef-9dbe1df203b0,2026-04-27T18:46:29.532+00:00,dialysis,35583,107 Trenton Rd,Browns Mills,NJ,DaVita,107 Trenton Rd,Browns Mills,NJ,DaVita,1.00,OK_EXACT,2,
28f64019-093b-4a3a-8616-8bf1c6b05584,2026-04-27T18:46:24.774+00:00,dialysis,35572,962 Norfolk Square,Norfolk,VA,DaVita Dialysis,962 Norfolk Square,Norfolk,VA,DaVita Dialysis,1.00,OK_EXACT,1,
6fee5d94-8aff-4974-a1ee-fd282db05e9e,2026-04-27T18:46:20.567+00:00,dialysis,35246,582 POLE LINE RD E,TWIN FALLS,ID,"Total Renal Care, Inc.",582 POLE LINE RD E,TWIN FALLS,ID,"Total Renal Care, Inc.",1.00,OK_EXACT,1,
812c1cb8-500a-40ef-aff1-afe9926d2c56,2026-04-27T18:46:16.499+00:00,dialysis,26183,5348 Flanders Drive,Baton Rouge,LA,Fresenius Medical Care,5348 Flanders Drive,Baton Rouge,LA,Fresenius Medical Care,1.00,OK_EXACT,2,
44ae6619-b114-450b-aa67-d0f5017d89a7,2026-04-27T18:46:12.261+00:00,dialysis,35573,2494 2nd St,Macon,GA,DaVita,2494 2nd St,Macon,GA,DaVita,1.00,OK_EXACT,1,
5133224a-5254-45c4-b74f-0bed013a527a,2026-04-27T18:46:08.695+00:00,dialysis,26183,5348 Flanders Dr,Baton Rouge,LA,Fresenius Medical Care,5348 Flanders Drive,Baton Rouge,LA,Fresenius Medical Care,1.00,OK_EXACT,2,
bbf68516-6c46-41b0-90d7-4bef770886e7,2026-04-27T18:46:04.267+00:00,dialysis,37610,"University Plaza, Anderson, IN",Anderson,IN,Fresenius Kidney Care,"University Plaza, Anderson, IN",Anderson,IN,Fresenius Kidney Care,1.00,OK_EXACT,1,
579f4924-2ee4-4386-a2ac-67b19810e5aa,2026-04-27T18:46:00.291+00:00,dialysis,22633,1935 Thompson Rd,Coos Bay,OR,DaVita,1935 Thompson Rd,Coos Bay,OR,DaVita,1.00,OK_EXACT,1,
b01e3dc0-0b2b-4dfe-8324-5c629aa82c72,2026-04-27T18:45:56.285+00:00,dialysis,25919,119 TRADE PARK DRIVE,SOMERSET,KY,Fresenius Kidney Care,119 TRADE PARK DRIVE,SOMERSET,KY,Fresenius Kidney Care,1.00,OK_EXACT,2,
04d703e9-87b1-434d-a017-6225a4cb05f7,2026-04-27T18:45:51.926+00:00,dialysis,37566,242 Bullsboro Drive,Newnan,Georgia,DaVita,242 Bullsboro Drive,Newnan,Georgia,DaVita,1.00,OK_EXACT,REPEAT_4,
dc2c99f6-2e49-40b1-9677-2b46c9f132b2,2026-04-27T18:45:48.154+00:00,dialysis,37582,1644 Gateway Boulevard,Murfreesboro,Tennessee,"DaVita, Inc.",1644 Gateway Boulevard,Murfreesboro,Tennessee,"DaVita, Inc.",1.00,OK_EXACT,1,
553c6fb4-dce9-47e6-97fa-ed7e358ab9c6,2026-04-27T18:45:43.624+00:00,dialysis,37478,,Indianapolis,IN,Fresenius,11205 Bodley Dr,Indianapolis,IN,Fresenius,0.00,OK_NO_EXTRACTION,REPEAT_5,
f5ffe852-f820-4b9b-b4da-4b0417f415c3,2026-04-27T18:45:39.578+00:00,dialysis,26411,208 ASHLEY AVE,WEST SPRINGFIELD,MA,Fresenius Medical Care,208 ASHLEY AVE,WEST SPRINGFIELD,MA,Fresenius Medical Care,1.00,OK_EXACT,2,
64c4c5e5-afec-4b8e-9382-739f51aefaeb,2026-04-27T18:45:34.476+00:00,dialysis,26411,208 Ashley Ave,West Springfield,MA,Fresenius Medical Care,208 ASHLEY AVE,WEST SPRINGFIELD,MA,Fresenius Medical Care,1.00,OK_EXACT,2,
71f9d338-e302-4a26-a58b-be719dadb892,2026-04-27T18:45:29.681+00:00,dialysis,23425,,Indianapolis,IN,Fresenius Kidney Care,6826 Madison Avenue,Indianapolis,IN,Fresenius Kidney Care,0.00,OK_NO_EXTRACTION,2,
09e5503c-b6ee-441f-a968-bfaad746ccf3,2026-04-27T18:45:24.723+00:00,dialysis,35569,148 Hector Avenue,Gretna,LA,"Renal Treatment Centers Southeast, LP",148 Hector Avenue,Gretna,LA,"Renal Treatment Centers Southeast, LP",1.00,OK_EXACT,1,
f7213b41-4292-4391-8201-089ed5c6ef03,2026-04-27T18:45:19.92+00:00,dialysis,35571,"231 14TH STREET, NE",ATLANTA,GA,Fresnius Kidney Care,"231 14TH STREET, NE",ATLANTA,GA,Fresnius Kidney Care,1.00,OK_EXACT,1,
78020de5-02cb-4607-b46d-6233b0bf1f57,2026-04-27T18:45:11.981+00:00,dialysis,,200 E NORTH AVE,VILLA PARK,IL,U.S. Renal Care,,,,,,NO_PROPERTY,,
055adf1f-a786-4e85-8bf2-e60d6415c6c6,2026-04-27T18:45:00.25+00:00,dialysis,24233,13939 E 14th St,San Leandro,CA,DaVita,13939 E 14th St,San Leandro,CA,DaVita,1.00,OK_EXACT,1,
3ab1248e-bf2a-4014-a0a4-5b14de689371,2026-04-27T18:44:56.18+00:00,dialysis,35570,6504 Memorial Drive,Texas City,TX,,6504 Memorial Drive,Texas City,TX,,1.00,OK_EXACT,1,
65ef081c-f8b2-423c-b747-d5b8c0989c77,2026-04-27T18:44:53.453+00:00,dialysis,27917,730 Taylor Ave,Columbus,OH,Fresenius Medical Care,730 Taylor Ave,Columbus,OH,Fresenius Medical Care,1.00,OK_EXACT,2,
d55b3997-c424-4819-a102-87cdf689c628,2026-04-27T18:44:48.862+00:00,dialysis,35567,2311 Eugene Blvd,Poplar Bluff,MO,"Renal Care Group of the Midwest, Inc.",2311 Eugene Blvd,Poplar Bluff,MO,"Renal Care Group of the Midwest, Inc.",1.00,OK_EXACT,1,
e563cc9b-3ab1-4ef3-a669-c1865685fa6f,2026-04-27T18:44:44.396+00:00,dialysis,37580,Casa Grande,Casa Grande,AZ,Fresenius Medical Care,Casa Grande,Casa Grande,AZ,Fresenius Medical Care,1.00,OK_EXACT,1,
7eb6bb9e-e644-4d5e-b17b-6c246dbc8ae9,2026-04-27T18:44:40.837+00:00,dialysis,31115,11425 W Dodge Rd,Omaha,NE,"DaVita, Inc.",11425 W Dodge Rd,Omaha,NE,"DaVita, Inc.",1.00,OK_EXACT,1,
50ef3b73-ae63-4a37-88fa-2acab652e783,2026-04-27T18:44:36.885+00:00,dialysis,37566,242 Bullsboro Drive,Newnan,Georgia,DaVita,242 Bullsboro Drive,Newnan,Georgia,DaVita,1.00,OK_EXACT,REPEAT_4,
ed7bd99d-8d3b-4490-9ab7-263bb05113c2,2026-04-27T18:44:33.887+00:00,dialysis,35448,1115 N Nova Rd,Daytona Beach,FL,DaVita,1115 N Nova Rd,Daytona Beach,FL,DaVita,1.00,OK_EXACT,REPEAT_3,
b48f9336-78c0-4f9a-a16e-dc665311be25,2026-04-27T18:44:29.712+00:00,dialysis,37575,"6120 S. Yale Ave., Ste. 300",Tulsa,OK,DaVita,"6120 S. Yale Ave., Ste. 300",Tulsa,OK,U.S. Renal Care,1.00,OK_EXACT,REPEAT_4,
1fc5b444-83e7-45d1-89ff-166049255751,2026-04-27T18:44:26.099+00:00,dialysis,37579,The Villages,,FL,DaVita,The Villages,,FL,DaVita,1.00,OK_EXACT,1,
bb3ee258-4348-4edf-ba78-e56324d221ac,2026-04-27T18:44:22.398+00:00,dialysis,35566,5715 N VENOY RD,Westland,MI,DaVita Dialysis,5715 N VENOY RD,WESTLAND,MI,DaVita Dialysis,1.00,OK_EXACT,2,
3e9507ab-c8d1-4516-91cd-9c0bbda2d66d,2026-04-27T18:44:19.433+00:00,dialysis,35565,2308 E. Kansas Avenue,Garden City,KS,DaVita Dialysis,2308 E. Kansas Avenue,Garden City,KS,DaVita Dialysis,1.00,OK_EXACT,1,
1522ef10-4150-4776-998b-1f107e13abc3,2026-04-27T18:44:15.378+00:00,dialysis,37578,1875 East Sabin Drive,Casa Grande,AZ,"Renal Care Group Arizona, LLC",1875 East Sabin Drive,Casa Grande,AZ,"Renal Care Group Arizona, LLC",1.00,OK_EXACT,1,
2df833c4-83ae-436f-9287-e1088912a3a6,2026-04-27T18:44:11.404+00:00,dialysis,,250 Pettit Avenue,Bellmore,NY,"Fresenius Medical Care (FMC),Prine Health Medical Group,Eric K Fanaee, MD, PC,Prine Health Medical Group,Glenn Reiner (Parking)",,,,,,NO_PROPERTY,,
b9ce1742-85a4-4f49-8f6d-67ee1e5dc637,2026-04-27T18:44:07.901+00:00,government,16458,"6120 S. Yale Ave., Ste. 300",Tulsa,OK,,"6120 S. Yale Ave., Ste. 300",Tulsa,OK,,1.00,OK_EXACT,REPEAT_7,
0d5eebf8-5b61-49e9-97f1-3a04e1f3e8f7,2026-04-27T18:44:04.805+00:00,government,16458,"6120 S. Yale Ave., Ste. 300",Tulsa,OK,,"6120 S. Yale Ave., Ste. 300",Tulsa,OK,,1.00,OK_EXACT,REPEAT_7,
90c86a42-5c82-4c1a-8771-d9000e9b544d,2026-04-27T18:44:01.576+00:00,government,16458,"6120 S. Yale Ave., Ste. 300",Tulsa,OK,,"6120 S. Yale Ave., Ste. 300",Tulsa,OK,,1.00,OK_EXACT,REPEAT_7,
44f508a3-fd63-426f-8bd0-1a7d9c53cc8b,2026-04-27T18:43:58.156+00:00,dialysis,24325,200 Wake Ave,El Centro,CA,Fresenius Medical Care,200 Wake Ave,El Centro,CA,Fresenius Medical Care,1.00,OK_EXACT,1,
efa5f93a-aee7-47db-9c54-0f47823ed869,2026-04-27T18:43:54.144+00:00,dialysis,25919,119 TRADE PARK DRIVE,SOMERSET,KY,Fresenius Kidney Care,119 TRADE PARK DRIVE,SOMERSET,KY,Fresenius Kidney Care,1.00,OK_EXACT,2,
300e8e44-accc-422d-86be-81fb36a32b59,2026-04-27T18:43:50.183+00:00,dialysis,37577,4179 Baker Street,Covington,Georgia,"USRC Covington, LLC",4179 Baker Street,Covington,Georgia,"USRC Covington, LLC",1.00,OK_EXACT,1,
d2f1d75d-9889-4903-95fa-f062c8a46384,2026-04-27T18:43:46.015+00:00,dialysis,22023,29 Meridian Road,Edison,NJ,"Davita, Inc.",29 Meridian Road,Edison,NJ,"Davita, Inc.",1.00,OK_EXACT,1,
58e9242b-c621-4d11-9014-6d27e0ce786f,2026-04-27T18:43:41.996+00:00,dialysis,37609,"Lehi, UT",Lehi,UT,DaVita Dialysis Center,"Lehi, UT",Lehi,UT,DaVita Dialysis Center,1.00,OK_EXACT,1,
c0ba7791-8c34-4c10-9126-1d07a036ef6e,2026-04-27T18:43:38.155+00:00,dialysis,37575,"6120 S. Yale Ave., Ste. 300",Tulsa,OK,Fresenius Medical Care,"6120 S. Yale Ave., Ste. 300",Tulsa,OK,U.S. Renal Care,1.00,OK_EXACT,REPEAT_4,
3649f39c-d52e-4a6b-9486-34364fb520f5,2026-04-27T18:43:34.529+00:00,dialysis,28549,1849 Davisville Road,Willow Grove,PA,DaVita Inc.,1849 Davisville Road,Willow Grove,PA,DaVita Inc.,1.00,OK_EXACT,1,
13f584d5-f937-4f68-9d3b-2725c1bc00ea,2026-04-27T18:43:29.543+00:00,dialysis,24526,209 Highland Ave,Waterbury,CT,DaVita Waterbury,209 Highland Ave,Waterbury,CT,DaVita Waterbury,1.00,OK_EXACT,2,
3bc1aab4-d017-43ff-8bb1-1c407684760a,2026-04-27T18:43:25.982+00:00,dialysis,35474,614 South Cannon Boulevard,Kannapolis,NC,DaVita Dialysis,614 South Cannon Boulevard,Kannapolis,NC,DaVita Dialysis,1.00,OK_EXACT,1,
48d29ca8-7218-4e5c-8cdd-9c89215e9637,2026-04-27T18:43:21.581+00:00,dialysis,37478,,Indianapolis,IN,Fresenius,11205 Bodley Dr,Indianapolis,IN,Fresenius,0.00,OK_NO_EXTRACTION,REPEAT_5,
215cd8fe-0aff-4cc2-98c9-ea8d7bf66597,2026-04-27T18:43:17.769+00:00,dialysis,26502,4145 Cass Ave,Detroit,MI,DaVita Dialysis,4145 Cass Ave,Detroit,MI,DaVita Dialysis,1.00,OK_EXACT,REPEAT_3,
eac53825-b382-4d6b-bbd1-8ff2b2f3ccfd,2026-04-27T18:43:13.808+00:00,government,16458,"6120 S. Yale Ave., Ste. 300",Tulsa,OK,,"6120 S. Yale Ave., Ste. 300",Tulsa,OK,,1.00,OK_EXACT,REPEAT_7,
2d96a8ed-fc33-4bb9-9cd3-54d88bc00e9c,2026-04-27T18:43:10.056+00:00,dialysis,37574,1946 Grand Avenue,Granite City,Illinois,Fresenius Kidney Care,1946 Grand Avenue,Granite City,Illinois,Fresenius Kidney Care,1.00,OK_EXACT,1,
87301b99-0668-4125-a614-606427d40ec5,2026-04-27T18:43:06.784+00:00,dialysis,,1809 Avenue H,Birmingham,AL,"Flor Dialysis, LLC",,,,,,NO_PROPERTY,,
136471da-950d-4184-a750-365553dd1a79,2026-04-27T18:43:02.46+00:00,dialysis,37478,,Indianapolis,IN,Fresenius,11205 Bodley Dr,Indianapolis,IN,Fresenius,0.00,OK_NO_EXTRACTION,REPEAT_5,
099f9f7a-aa72-4469-9148-d9fdbbca01bc,2026-04-27T18:42:58.499+00:00,dialysis,28784,306 Main Street,Edgefield,SC,US Renal Care,306 Main Street,Edgefield,SC,US Renal Care,1.00,OK_EXACT,1,
771a6b0a-df5d-4b5e-9e47-4a8f3b8969d3,2026-04-27T18:42:54.547+00:00,dialysis,37478,,Indianapolis,IN,Fresenius,11205 Bodley Dr,Indianapolis,IN,Fresenius,0.00,OK_NO_EXTRACTION,REPEAT_5,
d39377d8-f1b4-4c91-9f2b-5bb81c963d0a,2026-04-27T18:42:50.894+00:00,dialysis,28020,465 N Shawnee Lane,Chillicothe,OH,national dialysis company,465 N Shawnee Lane,Chillicothe,OH,national dialysis company,1.00,OK_EXACT,1,
79e6d67d-be85-499f-88ac-8d1bcc41ce14,2026-04-27T18:42:47.125+00:00,dialysis,35210,413B US-59,Atlanta,TX,DaVita Inc.,413B US-59,Atlanta,TX,DaVita Inc.,1.00,OK_EXACT,2,
d7ef4053-e42e-4b17-9500-8297967e0c17,2026-04-27T18:42:42.596+00:00,dialysis,35459,605 Lemoyne Rd,Northwood,OH,DaVita Inc.,605 Lemoyne Rd,Northwood,OH,DaVita Inc.,1.00,OK_EXACT,1,
65e0125b-82d3-4863-923e-089c8fbb7afb,2026-04-27T18:42:38.481+00:00,dialysis,37478,,Indianapolis,IN,Fresenius,11205 Bodley Dr,Indianapolis,IN,Fresenius,0.00,OK_NO_EXTRACTION,REPEAT_5,
24f17574-556e-4801-bd78-a94b90b2adbf,2026-04-27T18:42:34.617+00:00,dialysis,28749,1840 Pineview Drive,Columbia,SC,Fresenius Medical Care,1840 Pineview Drive,Columbia,SC,Fresenius Medical Care,1.00,OK_EXACT,1,
141530dc-6b9e-4cab-b185-e93c9dd7754f,2026-04-27T18:42:30.226+00:00,dialysis,37567,208 Live Oak Way,Floresville,Texas,DaVita,208 Live Oak Way,Floresville,Texas,DaVita,1.00,OK_EXACT,REPEAT_3,
6c5cc283-1511-40f7-ba46-4c934b4d16fb,2026-04-27T18:42:26.53+00:00,dialysis,37572,4913 Raleigh Common Drive,Memphis,Tennessee,DaVita Dialysis,4913 Raleigh Common Drive,Memphis,Tennessee,DaVita Dialysis,1.00,OK_EXACT,1,
7d59854e-a208-431c-905d-dd86811bf920,2026-04-27T18:42:22.153+00:00,dialysis,35525,4120 West Loomis Rd,Greenfield,WI,DaVita,4120 West Loomis Rd,Greenfield,WI,DaVita,1.00,OK_EXACT,1,
e94c1db3-822d-4575-97db-c9c72c74e753,2026-04-27T18:42:18.141+00:00,dialysis,29759,3801 W Wisconsin Ave,Milwaukee,WI,DaVita,3801 W Wisconsin Ave,Milwaukee,WI,DaVita,1.00,OK_EXACT,1,
87be3f9c-321c-41dc-9d44-00fb8781b9b3,2026-04-27T18:42:14.1+00:00,dialysis,21924,2015 UNIVERSITY BLVD.,ANDERSON,IN,,2015 UNIVERSITY BLVD.,ANDERSON,IN,Fresenius,1.00,OK_EXACT,REPEAT_3,
f5575ab7-41ea-4858-8f77-116525f2f1ae,2026-04-27T18:42:10.879+00:00,dialysis,35744,4298 PALM AVE,HIALEAH,FL,Kidney SPA,4298 PALM AVE,HIALEAH,FL,Kidney SPA,1.00,OK_EXACT,2,
b202fa2d-9fab-461b-9165-ede6a103ad09,2026-04-27T18:42:06.849+00:00,dialysis,35735,269 E Caroline St,San Bernardino,CA,Fresenius Medical Care,269 E Caroline St,San Bernardino,CA,Fresenius Medical Care,1.00,OK_EXACT,1,
2f51d6d1-1be5-446d-a177-32585d3d1f65,2026-04-27T18:42:02.944+00:00,dialysis,21924,2015 UNIVERSITY BLVD.,ANDERSON,IN,Golden Steps ABA,2015 UNIVERSITY BLVD.,ANDERSON,IN,Fresenius,1.00,OK_EXACT,REPEAT_3,
7c4ea06e-6cb1-4c89-9e30-ac34c092315f,2026-04-27T18:41:58.761+00:00,dialysis,35448,1115 N Nova Rd,Daytona Beach,FL,DaVita Kidney Care,1115 N Nova Rd,Daytona Beach,FL,DaVita,1.00,OK_EXACT,REPEAT_3,
a8186cd4-ceed-44c9-95f6-dfe4bdbf957c,2026-04-27T18:41:54.779+00:00,dialysis,35448,1115 N Nova Rd,Daytona Beach,FL,DaVita,1115 N Nova Rd,Daytona Beach,FL,DaVita,1.00,OK_EXACT,REPEAT_3,
a433e3ae-0fbf-47e0-a7b1-4866dd8be129,2026-04-27T18:41:50.773+00:00,dialysis,35446,8206 N Navarro Street,Victoria,TX,DaVita,8206 N Navarro Street,Victoria,TX,DaVita,1.00,OK_EXACT,1,
d811640a-db04-43b1-b038-36aecc6040ca,2026-04-27T18:41:46.561+00:00,dialysis,29092,,Texarkana,TX,DaVita,5502 medical pkwy dr.,Texarkana,TX,DaVita,0.00,OK_NO_EXTRACTION,1,
f6dabcee-68d1-4ed9-bb3d-2f37a833a7ef,2026-04-27T18:41:43.699+00:00,dialysis,35818,133 Limestone Road,Kenansville,NC,DaVita,133 Limestone Road,Kenansville,NC,DaVita,1.00,OK_EXACT,2,
fd313ba3-2b7d-4957-a413-b929f13c82e4,2026-04-27T18:41:39.5+00:00,dialysis,35523,269 East Caroline Street,San Bernardino,CA,"Bio-Medical Applications of California, Inc.",269 East Caroline Street,San Bernardino,CA,"Bio-Medical Applications of California, Inc.",1.00,OK_EXACT,1,
86c9eae4-6d30-4054-87f4-70f7274e9571,2026-04-27T18:41:35.588+00:00,dialysis,37571,15801 W Dodge Rd,Omaha,NE,"Fresenius Medical Care of Nebraska, LLC",15801 W Dodge Rd,Omaha,NE,"Fresenius Medical Care of Nebraska, LLC",1.00,OK_EXACT,1,
87436950-4d92-4e95-92cd-f10c6d0684bb,2026-04-27T18:41:31.438+00:00,dialysis,31866,445 Willard Avenue,Newington,CT,DaVita Dialysis,445 Willard Avenue,Newington,CT,DaVita Dialysis,1.00,OK_EXACT,1,
41ae55b7-bacc-4c00-9e11-aace5a6b7afb,2026-04-27T18:41:27.575+00:00,dialysis,29984,3071 Gold Canal Drive,Rancho Cordova,CA,DaVita Dialysis,3071 Gold Canal Drive,Rancho Cordova,CA,DaVita Dialysis,1.00,OK_EXACT,1,
50f6af74-ffbb-412e-ae9c-611e33703a41,2026-04-27T18:41:23.57+00:00,dialysis,31443,475 40TH ST,OGDEN,UT,Fresenius and KHIU (Foot and Ankle Specialists),475 40TH ST,OGDEN,UT,Fresenius and KHIU (Foot and Ankle Specialists),1.00,OK_EXACT,1,
3afd313c-0871-44a3-a5d1-4ce2f25b83c1,2026-04-27T18:41:19.534+00:00,dialysis,24665,"14144 Nephron Ln, Hudson, FL 34667",Hudson,FL,"Total Renal Care, Inc.","14144 Nephron Ln, Hudson, FL 34667",Hudson,FL,"Total Renal Care, Inc.",1.00,OK_EXACT,1,
7160aaed-e7c5-4e28-ace9-979b4e63c3f6,2026-04-27T18:41:15.326+00:00,dialysis,23523,8080 Limonite Ave,Jurupa Valley,CA,DaVita,8080 Limonite Ave,Jurupa Valley,CA,DaVita,1.00,OK_EXACT,2,
0e1ad990-5fe7-46a4-b8ab-4f29cb806195,2026-04-27T18:41:11.799+00:00,dialysis,26502,4145 Cass Ave,Detroit,MI,DaVita Dialysis,4145 Cass Ave,Detroit,MI,DaVita Dialysis,1.00,OK_EXACT,REPEAT_3,
3fbb28bb-b50c-4b2e-8c4d-6e1280a3c987,2026-04-27T18:41:08.429+00:00,dialysis,26502,4145 Cass Ave,Detroit,MI,DaVita Dialysis,4145 Cass Ave,Detroit,MI,DaVita Dialysis,1.00,OK_EXACT,REPEAT_3,
5dca20f4-374c-4ebc-97cb-1333ca5cecec,2026-04-27T18:41:04.939+00:00,dialysis,,430 Southridge Parkway,Culpeper,VA,DaVita Dialysis,,,,,,NO_PROPERTY,,
8a753e2f-2d5b-4d2e-bb62-70b652e26037,2026-04-27T18:41:01.012+00:00,dialysis,37569,1020 North 14th Street,Beaumont,TX,DaVita Dialysis,1020 North 14th Street,Beaumont,TX,DaVita Dialysis,1.00,OK_EXACT,1,
2e6a3cf0-56e1-4402-ab4e-eaff63473233,2026-04-27T18:40:57.43+00:00,government,16458,"6120 S. Yale Ave., Ste. 300",Tulsa,OK,,"6120 S. Yale Ave., Ste. 300",Tulsa,OK,,1.00,OK_EXACT,REPEAT_7,
73144fa1-dbbf-449e-91c0-211938c203b2,2026-04-27T18:40:53.93+00:00,dialysis,35705,10405 North Juliet Court,Peoria,IL,,10405 North Juliet Court,Peoria,IL,,1.00,OK_EXACT,1,
2953c102-57c0-43e7-af6f-f2201affd17e,2026-04-27T18:40:51.722+00:00,dialysis,35803,1615 EASTCHESTER ROAD,BRONX,NY,DaVita Dialysis,1615 EASTCHESTER ROAD,BRONX,NY,DaVita Dialysis,1.00,OK_EXACT,1,
0b1ca9d8-e402-4659-8a48-c7f14f203755,2026-04-27T18:40:47.017+00:00,government,16458,"6120 S. Yale Ave., Ste. 300",Tulsa,OK,,"6120 S. Yale Ave., Ste. 300",Tulsa,OK,,1.00,OK_EXACT,REPEAT_7,
eb24d714-aa11-41b2-8978-5bddc9bf66b8,2026-04-27T18:40:43.653+00:00,dialysis,35599,2765 16th St,San Francisco,CA,DaVita Kidney Dialysis Center,2765 16th St,San Francisco,CA,DaVita Kidney Dialysis Center,1.00,OK_EXACT,1,
523a245d-9aa2-4d8c-8d0c-d5e228133a0c,2026-04-27T18:40:39.707+00:00,dialysis,33976,1650 Maxey Dr,Leeds,AL,DaVita Dialysis,1650 Maxey Dr,Leeds,AL,DaVita Dialysis,1.00,OK_EXACT,1,
d0c61204-8ab2-47d7-90b9-130e0a7e2d4a,2026-04-27T18:40:35.864+00:00,dialysis,37568,792 E WOOD ST,DECATUR,IL,Davita,792 E WOOD ST,DECATUR,IL,Davita,1.00,OK_EXACT,1,
edfcb6bc-2263-41a1-9208-2ec3ca9c9ccc,2026-04-27T18:40:31.685+00:00,dialysis,35432,7907 Marshall Avenue,Newport News,VA,DaVita,7907 Marshall Avenue,Newport News,VA,DaVita,1.00,OK_EXACT,1,
57890f5f-1476-4c45-a823-33e3bd997659,2026-04-27T18:40:28.602+00:00,dialysis,37567,208 Live Oak Way,Floresville,Texas,DaVita,208 Live Oak Way,Floresville,Texas,DaVita,1.00,OK_EXACT,REPEAT_3,
b9696185-60e9-44c0-9126-547447914614,2026-04-27T18:40:25.516+00:00,dialysis,37567,208 Live Oak Way,Floresville,Texas,DaVita,208 Live Oak Way,Floresville,Texas,DaVita,1.00,OK_EXACT,REPEAT_3,
298ecbe8-c020-4bef-8197-d42397cfb864,2026-04-27T18:40:22.404+00:00,dialysis,35818,133 Limestone Road,Kenansville,NC,DaVita,133 Limestone Road,Kenansville,NC,DaVita,1.00,OK_EXACT,2,
ac338fa4-a618-458e-8250-5284a316e71a,2026-04-27T18:40:18.04+00:00,dialysis,26067,2500 Commercial Dr,Port Allen,LA,,2500 Commercial Dr,Port Allen,LA,Fresenius Medical Care,1.00,OK_EXACT,1,
8c4afc65-3e9e-4695-83d0-275b5c19c2c7,2026-04-27T18:40:15.66+00:00,dialysis,35210,413B US-59,Atlanta,TX,DaVita,413B US-59,Atlanta,TX,DaVita Inc.,1.00,OK_EXACT,2,
b7682cd5-3d2c-46e4-a494-0bdf387f19f9,2026-04-27T18:40:11.487+00:00,dialysis,37566,242 Bullsboro Drive,Newnan,Georgia,DaVita,242 Bullsboro Drive,Newnan,Georgia,DaVita,1.00,OK_EXACT,REPEAT_4,
a659a378-89d2-453f-a67a-ca66e0d7cdaa,2026-04-27T18:40:06.834+00:00,dialysis,35422,950 S Eastern Avenue,Los Angeles,CA,DaVita Dialysis Center,950 S Eastern Avenue,Los Angeles,CA,DaVita Dialysis Center,1.00,OK_EXACT,1,
73046be2-4726-42f4-81b7-1b7cfb85b4f0,2026-04-27T18:40:02.763+00:00,dialysis,37565,3919 Mayfair Street,Myrtle Beach,South Carolina,DaVita,3919 Mayfair Street,Myrtle Beach,South Carolina,DaVita,1.00,OK_EXACT,1,
ecccb8f2-56be-4749-a109-c1b8200bcf8c,2026-04-27T18:39:59.497+00:00,dialysis,37564,2765 16th Street,San Francisco,California,DaVita,2765 16th Street,San Francisco,California,"TOTAL RENAL CARE, INC.",1.00,OK_EXACT,2,
abd8b61e-4dac-4193-a7af-883861b82b25,2026-04-27T18:39:56.413+00:00,dialysis,37563,"716 Denbigh Blvd, Suites D1 & D2",Newport News,Virginia,"Renal Treatment Centers Mid Atlantic, Inc.","716 Denbigh Blvd, Suites D1 & D2",Newport News,Virginia,"Renal Treatment Centers Mid Atlantic, Inc.",1.00,OK_EXACT,2,
3ae2e8f6-d1a6-45a0-b5f4-64f02b3b5c14,2026-04-27T18:39:53.254+00:00,dialysis,37562,5502 Medical Park Way Drive,Texarkana,Texas,"DaVita, Inc.",5502 Medical Park Way Drive,Texarkana,Texas,"DaVita, Inc.",1.00,OK_EXACT,1,
e78b9590-2b2d-461f-a1d9-ecea693fae00,2026-04-27T18:39:49.003+00:00,dialysis,37561,20 Medical Park Blvd.,Petersburg,Virginia,DaVita,20 Medical Park Blvd.,Petersburg,Virginia,DaVita,1.00,OK_EXACT,1,
381c544f-e420-4af5-9e88-abe564daffa8,2026-04-27T18:39:45.869+00:00,dialysis,24146,9432 Venice Blvd.,Culver City,CA,Fresenius Medical Care,9432 Venice Blvd.,Culver City,CA,Fresenius Medical Care,1.00,OK_EXACT,1,
622d667f-d5a8-4b8c-96eb-c8ec8d28bb72,2026-04-27T18:39:41.757+00:00,dialysis,24581,600 Health Services Drive,Seaford,DE,"U.S. Renal Care, Inc.",600 Health Services Drive,Seaford,DE,"U.S. Renal Care, Inc.",1.00,OK_EXACT,1,
59770598-29ac-4104-ad23-e831091af6ef,2026-04-27T18:39:37.757+00:00,dialysis,37606,6411 Chillum Place NW,Washington,DC,Fresenius Medical Care,6411 Chillum Place NW,Washington,DC,Fresenius Medical Care,1.00,OK_EXACT,1,
316c1cca-0c42-40f4-9eab-1374fec749f6,2026-04-27T18:39:33.48+00:00,dialysis,35700,13041 New Halls Ferry Road,Florissant,MO,DaVita Care Clinic,13041 New Halls Ferry Road,Florissant,MO,DaVita Care Clinic,1.00,OK_EXACT,1,
e3fc24b6-4500-45cf-9300-b7faa9a25717,2026-04-27T18:39:30.062+00:00,dialysis,23425,6826 Madison Avenue,Indianapolis,IN,Fresenius Medical Care,6826 Madison Avenue,Indianapolis,IN,Fresenius Kidney Care,1.00,OK_EXACT,2,
96365d7b-1c42-4b4c-90b6-328575447185,2026-04-27T18:39:25.657+00:00,dialysis,28744,140 Medical Center Drive,Gaffney,SC,U.S. Renal Care,140 Medical Center Drive,Gaffney,SC,U.S. Renal Care,1.00,OK_EXACT,1,
83e3c21b-6f8f-46b8-b16b-fb44886fc876,2026-04-27T18:39:21.752+00:00,dialysis,24653,1625 Unity Way NW,Winter Haven,FL,DaVita Dialysis,1625 Unity Way NW,Winter Haven,FL,DaVita Dialysis,1.00,OK_EXACT,REPEAT_7,
4c5c39ea-5533-45ac-b17b-212af1c7607c,2026-04-27T18:39:17.834+00:00,dialysis,35557,215 S ALLISON AVE,Xenia,OH,Davita Inc.,215 S ALLISON AVE,Xenia,OH,Davita Inc.,1.00,OK_EXACT,1,
40095179-d545-4106-8428-9e502e46cd91,2026-04-27T18:39:13.917+00:00,dialysis,35407,4816 E CHASE ST,BAYTOWN,TX,Fresenius Kidney Care,4816 E CHASE ST,BAYTOWN,TX,Fresenius Kidney Care,1.00,OK_EXACT,1,
281777ac-061a-471c-8a58-5388670f0864,2026-04-27T18:39:09.783+00:00,dialysis,23523,8080 LIMONITE AVE,JURUPA VALLEY,CA,DaVita,8080 Limonite Ave,Jurupa Valley,CA,DaVita,1.00,OK_EXACT,2,
75b85c67-2f9e-402a-83d9-d87ccaa3ff83,2026-04-27T18:39:06.135+00:00,dialysis,26532,19800 Woodward Avenue,Detroit,MI,DaVita,19800 Woodward Avenue,Detroit,MI,DaVita,1.00,OK_EXACT,1,
8483cb22-6918-4494-b396-9b2b1aae34ed,2026-04-27T18:39:02.222+00:00,dialysis,24653,1625 UNITY WAY NW,WINTER HAVEN,FL,DaVita Dialysis,1625 Unity Way NW,Winter Haven,FL,DaVita Dialysis,1.00,OK_EXACT,REPEAT_7,
7b03b95d-55a3-4ec8-9a4a-8d1ffef1cb01,2026-04-27T18:38:58.111+00:00,dialysis,24653,1625 Unity Way NW,Winter Haven,FL,DaVita Dialysis,1625 Unity Way NW,Winter Haven,FL,DaVita Dialysis,1.00,OK_EXACT,REPEAT_7,
7d916ae4-84db-4118-9d99-ca91384362fa,2026-04-27T18:38:53.784+00:00,dialysis,24653,1625 Unity Way NW,Winter Haven,FL,DaVita Dialysis,1625 Unity Way NW,Winter Haven,FL,DaVita Dialysis,1.00,OK_EXACT,REPEAT_7,
2067e431-50a3-4b17-b5ba-f9e1da88b90e,2026-04-27T18:38:49.691+00:00,dialysis,24653,1625 UNITY WAY NW,WINTER HAVEN,FL,DAVITA DIALYSIS,1625 Unity Way NW,Winter Haven,FL,DaVita Dialysis,1.00,OK_EXACT,REPEAT_7,
c693170d-b9a1-4864-a7b3-04e56ccead61,2026-04-27T18:38:45.676+00:00,dialysis,24653,1625 Unity Way NW,Winter Haven,FL,DaVita Dialysis,1625 Unity Way NW,Winter Haven,FL,DaVita Dialysis,1.00,OK_EXACT,REPEAT_7,
aa2403e9-4d06-4a7f-ac1c-6560777a0143,2026-04-27T18:38:41.437+00:00,dialysis,24526,209 Highland Ave,Waterbury,CT,DaVita Waterbury,209 Highland Ave,Waterbury,CT,DaVita Waterbury,1.00,OK_EXACT,2,
0695d3f8-a075-439a-b615-454bc48a9338,2026-04-27T18:38:37.862+00:00,dialysis,24622,1305 W Moreno St,Pensacola,FL,Fresenius Kidney Care,1305 W Moreno St,Pensacola,FL,Fresenius Kidney Care,1.00,OK_EXACT,1,
54ca9775-dd1e-4e83-bbab-65c2da1cae39,2026-04-27T18:38:34.065+00:00,dialysis,35385,1410 Custer Ave SE,Atlanta,GA,Centria Healthcare LLC,1410 Custer Ave SE,Atlanta,GA,Centria Healthcare LLC,1.00,OK_EXACT,1,
60922231-5c10-411b-845d-f671101d0c4e,2026-04-27T18:38:29.833+00:00,dialysis,24653,1625 UNITY WAY NW,WINTER HAVEN,FL,Davita Dialysis,1625 Unity Way NW,Winter Haven,FL,DaVita Dialysis,1.00,OK_EXACT,REPEAT_7,
f96880c8-fb02-4e4f-b3fd-caab8fd6e594,2026-04-27T18:38:25.503+00:00,dialysis,35380,3909 Salem Ave,Dayton,OH,"DB Biologics, LLC",3909 Salem Ave,Dayton,OH,"DB Biologics, LLC",1.00,OK_EXACT,1,
643720b4-dbe8-4ff0-b7bd-755319294a7f,2026-04-27T18:38:21.015+00:00,dialysis,27058,,Omaha,NE,DaVita,3339 l st,Omaha,NE,DaVita,0.00,OK_NO_EXTRACTION,2,
98cd52ce-c64f-4c82-934c-c41ba032577a,2026-04-27T18:38:18.171+00:00,dialysis,27058,,Omaha,NE,DaVita,3339 l st,Omaha,NE,DaVita,0.00,OK_NO_EXTRACTION,2,
b7609da2-fa5c-4615-9dfc-ad18b5c53070,2026-04-27T15:05:30.738+00:00,dialysis,,2710 Avenue Q,Lubbock,TX,"Bio-medical Applications of Texas, Inc",,,,,,NO_PROPERTY,,